"C:\cadviewer-testapp-dotnet-01\cadviewer\\content\drawings\dwg\Asbestos_drawing_01.dwg",Conversion to SVG,0.476,9940 Kb
"C:\cadviewer-testapp-dotnet-01\cadviewer\\content\drawings\dwg\Asbestos_drawing_01.dwg",Conversion to SVG,0.446,9076 Kb
"C:\cadviewer-testapp-dotnet-01\cadviewer\\content\drawings\dwg\Asbestos_drawing_01.dwg",Conversion to SVG,0.475,8836 Kb
"C:\cadviewer-testapp-dotnet-01\cadviewer\\content\drawings\dwg\Asbestos_drawing_01.dwg",Output To PDF,0.675,8348 Kb
"C:\cadviewer-testapp-dotnet-01\cadviewer\\content\drawings\dwg\Asbestos_drawing_01.dwg",Conversion to SVG,0.661,8696 Kb
"C:\cadviewer-testapp-dotnet-01\cadviewer\\content\drawings\dwg\Asbestos_drawing_01.dwg",Conversion to SVG,0.373,8520 Kb
"C:\cadviewer-testapp-dotnet-01\cadviewer\\content\drawings\dwg\Asbestos_drawing_01.dwg",Conversion to SVG,0.73,9448 Kb
"C:\cadviewer-testapp-dotnet-01\cadviewer\\content\drawings\dwg\Asbestos_drawing_01.dwg",Conversion to SVG,0.358,9336 Kb
"C:\cadviewer-testapp-dotnet-01\cadviewer\\content\drawings\dwg\Asbestos_drawing_01.dwg",Conversion to SVG,0.374,8996 Kb
"C:\cadviewer-testapp-dotnet-01\cadviewer\\content\drawings\dwg\Asbestos_drawing_01.dwg",Conversion to SVG,1.913,9632 Kb
"C:\cadviewer-testapp-dotnet-01\cadviewer\\content\drawings\dwg\Asbestos_drawing_01.dwg",Conversion to SVG,0.524,8992 Kb
"C:\cadviewer-testapp-dotnet-01\cadviewer\\content\drawings\dwg\Asbestos_drawing_01.dwg",Conversion to SVG,0.644,9524 Kb
"C:\cadviewer-testapp-dotnet-01\cadviewer\\content\drawings\dwg\Asbestos_drawing_01.dwg",Conversion to SVG,0.642,9112 Kb
"C:\cadviewer-testapp-dotnet-01\cadviewer\\content\drawings\dwg\Asbestos_drawing_01.dwg",Conversion to SVG,0.421,9148 Kb
"C:\cadviewer-testapp-dotnet-01\cadviewer\\content\drawings\dwg\Asbestos_drawing_01.dwg",Conversion to SVG,0.405,9648 Kb
"C:\cadviewer-testapp-dotnet-01\cadviewer\content\drawings\dwg\AL038_67a-v2.svgz",Conversion to SVG,0.042,4276 Kb
"C:\cadviewer-testapp-dotnet-01\cadviewer\\content\drawings\dwg\Asbestos_drawing_01.dwg",Conversion to SVG,0.406,9104 Kb
"C:\cadviewer-testapp-dotnet-01\cadviewer\content\drawings\dwg\measure_template.dwg",Conversion to SVG,0.18,5420 Kb
"C:\cadviewer-testapp-dotnet-01\cadviewer\\content\drawings\dwg\Asbestos_drawing_01.dwg",Conversion to SVG,0.362,8916 Kb
"C:\cadviewer-testapp-dotnet-01\cadviewer\\content\drawings\dwg\Asbestos_drawing_01.dwg",Conversion to SVG,0.82,9676 Kb
"C:\cadviewer-testapp-dotnet-01\cadviewer\\content\drawings\dwg\Asbestos_drawing_01.dwg",Conversion to SVG,0.525,7960 Kb
"C:\cadviewer-testapp-dotnet-01\cadviewer\\content\drawings\dwg\Asbestos_drawing_01.dwg",Conversion to SVG,5.957,8304 Kb
"C:\cadviewer-testapp-dotnet-01\cadviewer\\content\drawings\dwg\Asbestos_drawing_01.dwg",Conversion to SVG,1.101,11248 Kb
"C:\cadviewer-testapp-dotnet-01\cadviewer\\content\drawings\dwg\Asbestos_drawing_01.dwg",Conversion to SVG,0.405,9332 Kb
"C:\cadviewer-testapp-dotnet-01\cadviewer\\content\drawings\dwg\Asbestos_drawing_01.dwg",Conversion to SVG,0.444,9636 Kb
"C:\cadviewer-testapp-dotnet-01\cadviewer\\content\drawings\dwg\Asbestos_drawing_01.dwg",Conversion to SVG,0.703,9072 Kb
"C:\cadviewer-testapp-dotnet-01\cadviewer\\content\drawings\dwg\Asbestos_drawing_01.dwg",Conversion to SVG,0.414,10068 Kb
"C:\cadviewer-testapp-dotnet-01\cadviewer\\content\drawings\dwg\Asbestos_drawing_01.dwg",Conversion to SVG,0.632,8620 Kb
"C:\cadviewer-testapp-dotnet-01\cadviewer\converters\files\Asbestos_drawing_01_Jan_22_h12_m39_s29.png",Output To PDF,0.684,4344 Kb
"C:\cadviewer-testapp-dotnet-01\cadviewer\\content\drawings\dwg\Asbestos_drawing_01.dwg",Conversion to SVG,0.327,8584 Kb
"C:\cadviewer-testapp-dotnet-01\cadviewer\converters\files\Asbestos_drawing_01_Jan_22_h12_m40_s58.png",Output To PDF,0.795,4424 Kb
"C:\cadviewer-testapp-dotnet-01\cadviewer\converters\files\Asbestos_drawing_01_Jan_22_h12_m46_s13.png",Output To PDF,0.729,4424 Kb
"C:\cadviewer-testapp-dotnet-01\cadviewer\\content\drawings\dwg\Asbestos_drawing_01.dwg",Conversion to SVG,0.457,9756 Kb
"C:\cadviewer-testapp-dotnet-01\cadviewer\converters\files\Asbestos_drawing_01_Jan_22_h12_m56_s10.png",Output To PDF,0.773,4368 Kb
"C:\cadviewer-testapp-dotnet-01\cadviewer\converters\files\Asbestos_drawing_01_Jan_22_h12_m57_s10.png",Output To PDF,0.869,4356 Kb
